,Y
54,1
65,1
70,1
95,1
99,1
120,1
135,1
144,1
159,1
164,1
178,1
185,1
193,1
197,1
215,1
220,1
223,1
228,1
229,1
242,1
243,1
244,1
254,1
263,1
291,1
294,1
300,1
306,1
312,1
334,1
337,1
344,1
366,1
367,1
380,1
406,1
444,1
447,1
483,1
491,1
499,1
512,1
514,1
542,1
549,1
577,1
589,1
591,1
601,1
608,1
610,1
615,1
620,1
629,1
634,1
639,1
647,1
650,1
656,1
664,1
673,1
683,1
687,1
694,1
695,1
705,1
740,1
775,1
782,1
783,1
815,1
816,1
822,1
823,1
825,1
826,1
834,1
841,1
845,1
847,1
864,1
868,1
899,1
905,1
920,1
933,1
941,1
956,1
964,1
984,1
988,1
1009,1
1019,1
1023,1
1026,1
1031,1
1048,1
1079,1
1082,1
1093,1
1094,1
1100,1
1111,1
1112,1
1123,1
1124,1
1128,1
1140,1
1142,1
1149,1
1151,1
1152,1
1183,1
1184,1
1188,1
1199,1
1208,1
1214,1
1227,1
1229,1
1264,1
1283,1
1284,1
1313,1
1314,1
1339,1
1340,1
1348,1
1351,1
1363,1
1369,1
1377,1
1385,1
1387,1
1397,1
1404,1
1435,1
1445,1
1452,1
1457,1
1466,1
1496,1
1497,1
1503,1
1509,1
1511,1
1529,1
1530,1
1531,1
1561,1
1564,1
1591,1
1609,1
1620,1
1627,1
1638,1
1642,1
1649,1
1659,1
1685,1
1688,1
1697,1
1702,1
1707,1
1714,1
1716,1
1719,1
1732,1
1748,1
1772,1
1786,1
1795,1
1803,1
1814,1
1839,1
1851,1
1863,1
1864,1
1885,1
1896,1
1916,1
1922,1
1953,1
1968,1
1979,1
1985,1
1989,1
2000,1
2002,1
2012,1
2019,1
2020,1
2022,1
2033,1
2045,1
2053,1
2056,1
2065,1
2073,1
2082,1
2083,1
2084,1
2087,1
2103,1
2104,1
2118,1
2121,1
2132,1
2138,1
2139,1
2143,1
2148,1
2199,1
2217,1
2223,1
2231,1
2235,1
2244,1
2247,1
2254,1
2272,1
2277,1
2295,1
2304,1
2326,1
2362,1
2370,1
2374,1
2397,1
2400,1
2402,1
2406,1
2407,1
2414,1
2419,1
2426,1
2432,1
2436,1
2440,1
2441,1
2451,1
2459,1
2462,1
2480,1
2483,1
2486,1
2495,1
2506,1
2518,1
2554,1
2559,1
2574,1
2591,1
2598,1
2599,1
2637,1
2654,1
2660,1
2664,1
2702,1
2712,1
2739,1
2756,1
2775,1
2783,1
2791,1
2793,1
2795,1
2796,1
2803,1
2885,1
2886,1
2891,1
2893,1
2895,1
2915,1
2925,1
2937,1
2940,1
2951,1
2953,1
2957,1
2963,1
2973,1
2975,1
2976,1
2977,1
2982,1
2992,1
3016,1
3022,1
3060,1
3064,1
3067,1
3082,1
3088,1
3098,1
3103,1
3108,1
3117,1
3124,1
3134,1
3143,1
3145,1
3178,1
3184,1
3195,1
3223,1
3231,1
3236,1
3261,1
3273,1
3295,1
3321,1
3328,1
3357,1
3359,1
3360,1
3372,1
3403,1
3415,1
3421,1
3431,1
3434,1
3437,1
3438,1
3452,1
3454,1
3472,1
3482,1
3485,1
3495,1
3502,1
3524,1
3542,1
3551,1
3554,1
3558,1
3578,1
3579,1
3587,1
3600,1
3602,1
3619,1
3623,1
3643,1
3655,1
3656,1
3659,1
3661,1
3672,1
3685,1
3686,1
3704,1
3707,1
3714,1
3722,1
3735,1
3749,1
3750,1
3753,1
3758,1
3766,1
3767,1
3787,1
3789,1
3803,1
3805,1
3817,1
3819,1
3839,1
3840,1
3854,1
3866,1
3868,1
3881,1
3910,1
3918,1
3921,1
3924,1
3933,1
3934,1
3936,1
3941,1
3954,1
3956,1
3960,1
3965,1
3967,1
3974,1
3976,1
3980,1
3990,1
4000,1
4030,1
4038,1
4039,1
4071,1
4072,1
4073,1
4074,1
4078,1
4081,1
4091,1
4092,1
4094,1
4099,1
4102,1
4152,1
4156,1
4158,1
4160,1
4167,1
4175,1
4213,1
4214,1
4218,1
4219,1
4236,1
4241,1
4244,1
4257,1
4260,1
4261,1
4265,1
4275,1
4277,1
4286,1
4318,1
4332,1
4333,1
4334,1
4337,1
4338,1
4347,1
4376,1
4377,1
4398,1
4421,1
4439,1
4442,1
4443,1
4450,1
4457,1
4462,1
4470,1
4491,1
4493,1
4496,1
4520,1
4556,1
4563,1
4566,1
4589,1
4613,1
4622,1
4633,1
4657,1
4664,1
4681,1
4683,1
4687,1
4707,1
4722,1
4728,1
4735,1
4739,1
4742,1
4762,1
4778,1
4786,1
4792,1
4806,1
4820,1
4825,1
4835,1
4839,1
4846,1
4849,1
4856,1
4858,1
4861,1
4868,1
4877,1
4881,1
4896,1
4897,1
4904,1
4907,1
4914,1
4919,1
4930,1
4944,1
4951,1
4955,1
4980,1
4991,1
5011,1
5027,1
5034,1
5040,1
5049,1
5051,1
5059,1
5060,1
5062,1
5081,1
5085,1
5093,1
5108,1
5158,1
5163,1
5165,1
5175,1
5177,1
5179,1
5180,1
5181,1
5187,1
5188,1
5204,1
5213,1
5215,1
5218,1
5231,1
5240,1
5253,1
5261,1
5269,1
5292,1
5297,1
5305,1
5306,1
5313,1
5332,1
5337,1
5339,1
5341,1
5351,1
5389,1
5391,1
5402,1
5429,1
5440,1
5479,1
5484,1
5491,1
5492,1
5499,1
5505,1
5521,1
5522,1
5528,1
5529,1
5531,1
5534,1
5541,1
5542,1
5546,1
5552,1
5563,1
5574,1
5581,1
5588,1
5602,1
5607,1
5608,1
5624,1
5628,1
5634,1
5666,1
5688,1
5696,1
5721,1
5729,1
5746,1
5751,1
5753,1
5760,1
5761,1
5762,1
5780,1
5803,1
5812,1
5814,1
5815,1
5816,1
5820,1
5827,1
5836,1
5858,1
5871,1
5902,1
5908,1
5926,1
5930,1
5945,1
5958,1
5971,1
5989,1
5997,1
5999,1
6017,1
6045,1
6051,1
6056,1
6058,1
6073,1
6076,1
6078,1
6087,1
6090,1
6092,1
6117,1
6119,1
6147,1
6167,1
6177,1
6178,1
6192,1
6199,1
6204,1
6213,1
6215,1
6270,1
6317,1
6324,1
6337,1
6352,1
6354,1
6364,1
6366,1
6379,1
6381,1
6382,1
6394,1
6396,1
6405,1
6406,1
6412,1
6413,1
6414,1
6434,1
6444,1
6467,1
6471,1
6472,1
6476,1
6484,1
6492,1
6494,1
6497,1
8,1
11,1
24,1
41,1
47,1
67,1
68,1
73,1
75,1
90,1
98,1
108,1
122,1
139,1
150,1
157,1
165,1
176,1
179,1
190,1
198,1
212,1
227,1
229,1
243,1
244,1
250,1
255,1
268,1
276,1
279,1
280,1
293,1
311,1
330,1
334,1
339,1
355,1
359,1
380,1
381,1
398,1
406,1
424,1
426,1
445,1
446,1
449,1
458,1
475,1
486,1
490,1
508,1
511,1
513,1
531,1
537,1
557,1
575,1
589,1
604,1
609,1
613,1
633,1
650,1
652,1
658,1
661,1
663,1
683,1
688,1
705,1
710,1
732,1
735,1
743,1
749,1
765,1
779,1
782,1
794,1
807,1
811,1
823,1
830,1
834,1
843,1
863,1
869,1
873,1
884,1
892,1
900,1
919,1
922,1
925,1
940,1
955,1
963,1
999,1
1003,1
1024,1
1025,1
1075,1
1076,1
1109,1
1115,1
1117,1
1118,1
1128,1
1144,1
1145,1
1147,1
1154,1
1172,1
1175,1
1186,1
1192,1
1209,1
1220,1
1221,1
1225,1
1227,1
1229,1
1231,1
1239,1
1261,1
1264,1
1280,1
1284,1
1301,1
1306,1
1314,1
1334,1
1336,1
1351,1
1370,1
1409,1
1436,1
1454,1
1455,1
1460,1
1464,1
1467,1
1469,1
1474,1
1478,1
1516,1
1543,1
1544,1
1547,1
1552,1
1553,1
1567,1
1570,1
1583,1
1598,1
1614,1
1630,1
1639,1
1653,1
1666,1
1671,1
1674,1
1679,1
1684,1
1691,1
1693,1
1696,1
1713,1
1721,1
1726,1
1737,1
1749,1
1755,1
1757,1
1768,1
1770,1
1779,1
1781,1
1782,1
1785,1
1806,1
1811,1
1832,1
1835,1
1849,1
1854,1
1867,1
54,1
65,1
70,1
95,1
99,1
120,1
135,1
144,1
159,1
164,1
178,1
185,1
193,1
197,1
215,1
220,1
223,1
228,1
229,1
242,1
243,1
244,1
254,1
263,1
291,1
294,1
300,1
306,1
312,1
334,1
337,1
344,1
366,1
367,1
380,1
406,1
444,1
447,1
483,1
491,1
499,1
512,1
514,1
542,1
549,1
577,1
589,1
591,1
601,1
608,1
610,1
611,1
619,1
627,1
631,1
635,1
639,1
649,1
653,1
661,1
665,1
679,1
683,1
691,1
694,1
705,1
745,1
783,1
784,1
785,1
822,1
823,1
825,1
826,1
834,1
838,1
841,1
843,1
864,1
866,1
867,1
879,1
902,1
920,1
925,1
941,1
953,1
970,1
971,1
986,1
989,1
1011,1
1021,1
1026,1
1031,1
1032,1
1052,1
1082,1
1088,1
1094,1
1097,1
1101,1
1109,1
1112,1
1115,1
1124,1
1125,1
1130,1
1142,1
1145,1
1150,1
1152,1
1154,1
1184,1
1185,1
1189,1
1205,1
1214,1
1217,1
1228,1
1230,1
1265,1
1284,1
1289,1
1314,1
1315,1
1340,1
1348,1
1349,1
1356,1
1365,1
1373,1
1378,1
1387,1
1388,1
1398,1
1409,1
1444,1
1446,1
1453,1
1458,1
1467,1
1497,1
1503,1
1505,1
1511,1
1512,1
1530,1
1531,1
1536,1
1564,1
1575,1
1598,1
1610,1
1621,1
1634,1
1641,1
1643,1
1659,1
1662,1
1687,1
1694,1
1702,1
1706,1
1714,1
1715,1
1719,1
1722,1
1735,1
1749,1
1777,1
1788,1
1797,1
1806,1
1818,1
1844,1
1855,1
1864,1
1866,1
1886,1
1899,1
1920,1
1923,1
1958,1
1979,1
1986,1
1988,1
1996,1
2002,1
2011,1
2016,1
2022,1
2024,1
2027,1
2038,1
2056,1
2059,1
2061,1
2073,1
2082,1
2087,1
2089,1
2093,1
2094,1
2106,1
2107,1
2123,1
2127,1
2139,1
2143,1
2145,1
2154,1
2157,1
2204,1
2220,1
2234,1
2235,1
2247,1
2253,1
2254,1
2261,1
2275,1
2288,1
2299,1
2310,1
2327,1
2366,1
2374,1
2387,1
2400,1
2401,1
2403,1
2407,1
2414,1
2416,1
2426,1
2428,1
2436,1
2440,1
2441,1
2451,1
2458,1
2461,1
2469,1
2483,1
2486,1
2490,1
2497,1
2518,1
2519,1
2554,1
2559,1
2574,1
2591,1
2598,1
2599,1
2637,1
2654,1
2660,1
2664,1
2702,1
2712,1
2739,1
2756,1
2775,1
2783,1
2791,1
2793,1
2795,1
2796,1
2803,1
2885,1
2886,1
2891,1
2893,1
2895,1
2915,1
2925,1
2937,1
2940,1
2951,1
2953,1
2957,1
2963,1
2973,1
2975,1
2976,1
2977,1
2982,1
2992,1
3016,1
3022,1
3060,1
3064,1
3067,1
3082,1
3088,1
3098,1
3103,1
3108,1
3117,1
3124,1
3134,1
3143,1
3145,1
3178,1
3184,1
3195,1
3223,1
3231,1
3236,1
3261,1
3273,1
3295,1
3321,1
3328,1
3357,1
3359,1
3360,1
3372,1
3403,1
3415,1
3421,1
3431,1
3434,1
3437,1
3438,1
3452,1
3454,1
3472,1
3482,1
3485,1
3495,1
3502,1
3524,1
3542,1
3551,1
3554,1
3558,1
3578,1
3579,1
3587,1
3600,1
3602,1
3619,1
3623,1
3643,1
3655,1
3656,1
3659,1
3661,1
3672,1
3685,1
3686,1
3704,1
3707,1
3714,1
3722,1
3735,1
3749,1
3750,1
3753,1
3758,1
3766,1
3767,1
3787,1
3789,1
3803,1
3805,1
3817,1
3819,1
3839,1
3840,1
3854,1
3866,1
3868,1
3881,1
3910,1
3918,1
3921,1
3924,1
3933,1
3934,1
3936,1
3941,1
3954,1
3956,1
3960,1
3965,1
3967,1
3974,1
3976,1
3980,1
3990,1
4000,1
4030,1
4038,1
4039,1
4040,1
4071,1
4074,1
4078,1
4081,1
4091,1
4094,1
4099,1
4102,1
4152,1
4156,1
4158,1
4160,1
4167,1
4175,1
4213,1
4217,1
4218,1
4223,1
4234,1
4235,1
4236,1
4251,1
4253,1
4257,1
4260,1
4266,1
4280,1
4282,1
4301,1
4324,1
4332,1
4337,1
4338,1
4346,1
4347,1
4361,1
4364,1
4386,1
4401,1
4418,1
4426,1
4431,1
4442,1
4465,1
4480,1
4490,1
4518,1
4533,1
4535,1
4557,1
4562,1
4563,1
4565,1
4576,1
4583,1
4600,1
4602,1
4613,1
4659,1
4673,1
4687,1
4694,1
4705,1
4717,1
4720,1
4725,1
4734,1
4737,1
4748,1
4752,1
4754,1
4765,1
4768,1
4769,1
4790,1
4795,1
4797,1
4806,1
4817,1
4828,1
4835,1
4840,1
4842,1
4863,1
4871,1
4901,1
4906,1
4937,1
4946,1
4948,1
4949,1
4956,1
4967,1
4975,1
4978,1
5000,1
5002,1
5006,1
5021,1
5029,1
5038,1
5045,1
5061,1
5062,1
5063,1
5077,1
5080,1
5087,1
5111,1
5114,1
5120,1
5148,1
5158,1
5165,1
5167,1
5168,1
5170,1
5183,1
5193,1
5217,1
5218,1
5230,1
5237,1
5278,1
5286,1
5288,1
5300,1
5309,1
5313,1
5314,1
5323,1
5341,1
5349,1
5356,1
5360,1
5364,1
5388,1
5391,1
5404,1
5414,1
5417,1
5418,1
5421,1
5431,1
5434,1
5436,1
5440,1
5451,1
5455,1
5470,1
5476,1
5481,1
5504,1
5516,1
5523,1
5526,1
5537,1
5548,1
5552,1
5555,1
5605,1
5618,1
5643,1
5644,1
5666,1
5694,1
5696,1
5709,1
5714,1
5715,1
5718,1
5719,1
5723,1
5729,1
5733,1
5742,1
5743,1
5757,1
5762,1
5773,1
5788,1
5789,1
5790,1
5797,1
4,1
20,1
29,1
46,1
54,1
70,1
117,1
139,1
170,1
181,1
203,1
214,1
220,1
228,1
230,1
232,1
240,1
252,1
271,1
273,1
280,1
295,1
300,1
313,1
324,1
337,1
344,1
348,1
374,1
375,1
393,1
407,1
416,1
417,1
430,1
443,1
450,1
468,1
476,1
481,1
491,1
492,1
533,1
535,1
537,1
538,1
542,1
554,1
557,1
564,1
577,1
589,1
591,1
593,1
604,1
605,1
627,1
630,1
631,1
638,1
649,1
650,1
653,1
659,1
664,1
677,1
683,1
716,1
718,1
734,1
737,1
746,1
747,1
759,1
773,1
782,1
785,1
793,1
815,1
816,1
823,1
838,1
841,1
844,1
845,1
854,1
864,1
866,1
867,1
916,1
920,1
925,1
953,1
963,1
975,1
976,1
980,1
988,1
989,1
1005,1
1014,1
1031,1
1048,1
1052,1
1073,1
1088,1
1097,1
1103,1
1107,1
1108,1
1111,1
1115,1
1124,1
1135,1
1142,1
1149,1
1153,1
1158,1
1164,1
1172,1
1178,1
1199,1
1226,1
1242,1
1264,1
1267,1
1269,1
1273,1
1281,1
1282,1
1301,1
1313,1
1319,1
1332,1
1333,1
1349,1
1354,1
1356,1
1367,1
1376,1
1405,1
1413,1
1435,1
1460,1
1463,1
1478,1
1479,1
1482,1
1488,1
1489,1
1530,1
1531,1
1535,1
1541,1
1543,1
1547,1
1550,1
1553,1
1556,1
1558,1
1564,1
1591,1
1596,1
1607,1
1624,1
1631,1
1634,1
1643,1
1644,1
1666,1
1676,1
1680,1
1687,1
1689,1
1702,1
1703,1
1760,1
1761,1
1769,1
1771,1
1777,1
1781,1
1792,1
1806,1
1808,1
1810,1
1812,1
1816,1
1817,1
1819,1
1825,1
1845,1
1885,1
1888,1
1920,1
1931,1
1939,1
1943,1
1950,1
1962,1
1970,1
1979,1
1987,1
1989,1
2000,1
2010,1
2020,1
2022,1
2033,1
2037,1
2041,1
2043,1
2050,1
2053,1
2054,1
2077,1
2087,1
2091,1
2107,1
2108,1
2112,1
2120,1
2123,1
2138,1
2142,1
2148,1
2156,1
2186,1
2193,1
2198,1
2204,1
2218,1
2222,1
2235,1
2240,1
2247,1
2254,1
2260,1
2276,1
2288,1
2341,1
2359,1
2370,1
2374,1
2388,1
2397,1
2398,1
2410,1
2430,1
2446,1
2453,1
2475,1
2487,1
2491,1
2497,1
2506,1
2516,1
2522,1
2525,1
2541,1
2555,1
2565,1
2583,1
2593,1
2600,1
2615,1
2620,1
2623,1
2632,1
2645,1
2647,1
2683,1
2723,1
2728,1
2730,1
2733,1
2736,1
2745,1
2746,1
2783,1
2785,1
2796,1
2797,1
2803,1
2810,1
2820,1
2831,1
2855,1
2873,1
2884,1
2890,1
2894,1
2917,1
2922,1
2948,1
2950,1
2953,1
2960,1
2961,1
2972,1
2975,1
2977,1
2992,1
3018,1
3022,1
3058,1
3095,1
3109,1
3124,1
3140,1
3147,1
3154,1
3166,1
3184,1
3189,1
3205,1
3221,1
3230,1
3235,1
3254,1
3259,1
3268,1
3269,1
3305,1
3319,1
3344,1
3352,1
3356,1
3371,1
3390,1
3391,1
3397,1
3399,1
3402,1
3415,1
3420,1
3422,1
3425,1
3434,1
3447,1
3470,1
3484,1
3491,1
3495,1
3512,1
3523,1
3528,1
3540,1
3553,1
3560,1
3565,1
3569,1
3592,1
3595,1
3596,1
3602,1
3619,1
3620,1
3623,1
3635,1
3639,1
3647,1
3655,1
3659,1
3671,1
3681,1
3685,1
3690,1
3702,1
3710,1
3714,1
3715,1
3722,1
3749,1
3750,1
3766,1
3784,1
3788,1
3791,1
3795,1
3815,1
3829,1
3856,1
3860,1
3869,1
3881,1
3882,1
3916,1
3919,1
3921,1
3950,1
3964,1
3974,1
3978,1
3979,1
3986,1
4000,1
4018,1
4020,1
4033,1
4040,1
4042,1
4043,1
4067,1
4073,1
4090,1
4092,1
4094,1
4096,1
4111,1
4138,1
4142,1
4152,1
4154,1
4170,1
4180,1
4183,1
4204,1
4205,1
4208,1
4210,1
4217,1
4228,1
4235,1
4254,1
4257,1
4261,1
4273,1
4280,1
4288,1
4301,1
4330,1
4331,1
4332,1
4333,1
4364,1
4366,1
4380,1
4401,1
4414,1
4415,1
4418,1
4420,1
4421,1
4442,1
4451,1
4464,1
4465,1
4485,1
4491,1
4493,1
4495,1
4542,1
4550,1
4566,1
4567,1
4581,1
4589,1
4593,1
4609,1
4614,1
4619,1
4622,1
4636,1
4642,1
4645,1
4660,1
4665,1
4720,1
4741,1
4742,1
4752,1
4761,1
4784,1
4789,1
4806,1
4810,1
4817,1
4825,1
4826,1
4833,1
4835,1
4846,1
4849,1
4856,1
4869,1
4873,1
4897,1
4899,1
4904,1
4907,1
4908,1
4916,1
4927,1
4931,1
4941,1
4951,1
4954,1
4959,1
4960,1
4970,1
4984,1
5002,1
5007,1
5015,1
5035,1
5048,1
5052,1
5060,1
5066,1
5072,1
5076,1
5082,1
5085,1
5091,1
5093,1
5094,1
5101,1
5112,1
5165,1
5180,1
5184,1
5187,1
5188,1
5189,1
5192,1
5198,1
5200,1
5207,1
5215,1
5221,1
5225,1
5240,1
5252,1
5254,1
5260,1
5262,1
5284,1
5305,1
5309,1
5327,1
5358,1
5377,1
5379,1
5383,1
5390,1
5425,1
5429,1
5436,1
5439,1
5445,1
5452,1
5457,1
5470,1
5484,1
5487,1
5488,1
5489,1
5502,1
5524,1
5526,1
5528,1
5538,1
5540,1
5545,1
5550,1
5579,1
5581,1
5588,1
5596,1
5611,1
5617,1
5661,1
5675,1
5677,1
5684,1
5699,1
5705,1
5738,1
5741,1
5751,1
5762,1
5767,1
5801,1
5805,1
5820,1
5822,1
5835,1
5841,1
5849,1
5855,1
5858,1
5862,1
5879,1
5887,1
5888,1
5890,1
5916,1
5943,1
5949,1
5955,1
5973,1
5978,1
5988,1
5992,1
5997,1
6001,1
6004,1
6020,1
6026,1
6036,1
6075,1
6093,1
6100,1
6111,1
6121,1
6127,1
6141,1
6145,1
6150,1
6161,1
6167,1
6191,1
6198,1
6199,1
6203,1
6204,1
6224,1
6232,1
6233,1
6235,1
6237,1
6249,1
6264,1
6268,1
6289,1
6299,1
6306,1
6309,1
6336,1
6354,1
6391,1
6399,1
6400,1
6404,1
6422,1
6429,1
6433,1
6438,1
6464,1
6501,1
6502,1
6518,1
6523,1
6535,1
6550,1
6559,1
6573,1
6587,1
6594,1
6609,1
6615,1
6625,1
6631,1
6647,1
6672,1
6679,1
6680,1
6689,1
6691,1
6693,1
6708,1
6728,1
6731,1
6732,1
6735,1
6740,1
6741,1
6750,1
6751,1
6777,1
6790,1
6792,1
6794,1
6804,1
6832,1
6838,1
6839,1
6842,1
6859,1
6865,1
6876,1
6885,1
6888,1
6905,1
6906,1
6923,1
6945,1
6948,1
6952,1
6965,1
6967,1
6969,1
6975,1
6976,1
6988,1
6990,1
6994,1
7003,1
7008,1
7017,1
7041,1
7055,1
7059,1
7073,1
7075,1
7079,1
7083,1
7084,1
7128,1
7143,1
7154,1
7193,1
7207,1
7253,1
7277,1
7288,1
7296,1
7301,1
7319,1
7321,1
7336,1
7349,1
7354,1
7367,1
7373,1
7380,1
7386,1
7388,1
7391,1
7407,1
7410,1
7414,1
7415,1
7422,1
7436,1
7439,1
7454,1
7455,1
7484,1
7513,1
7514,1
7526,1
7550,1
7551,1
7554,1
7577,1
7582,1
7590,1
7591,1
7594,1
7595,1
7600,1
7611,1
7618,1
7623,1
7633,1
7639,1
7655,1
7664,1
7666,1
7678,1
7690,1
7692,1
7697,1
7700,1
7713,1
7721,1
7732,1
7733,1
7766,1
7784,1
7797,1
7810,1
7814,1
7815,1
7816,1
7817,1
7829,1
7831,1
7842,1
7857,1
7867,1
7868,1
7899,1
7911,1
7921,1
7932,1
7937,1
7943,1
7955,1
7962,1
7971,1
7986,1
7988,1
7990,1
7992,1
8023,1
8034,1
8068,1
8087,1
8088,1
8090,1
8121,1
8133,1
8136,1
8137,1
8143,1
8144,1
8145,1
8153,1
8157,1
8167,1
8172,1
8195,1
8213,1
8257,1
8265,1
8272,1
8278,1
8295,1
8327,1
8336,1
8351,1
8359,1
8364,1
8370,1
8372,1
8412,1
8415,1
8418,1
8419,1
8420,1
8430,1
8437,1
8440,1
8452,1
8468,1
8475,1
8485,1
8489,1
8490,1
8495,1
8517,1
8521,1
8526,1
8548,1
8550,1
8556,1
8560,1
8579,1
8608,1
8614,1
8635,1
8652,1
8659,1
8660,1
8661,1
8678,1
8691,1
8702,1
8704,1
8705,1
8729,1
8732,1
8735,1
8749,1
8754,1
8761,1
8772,1
8794,1
8797,1
8799,1
8801,1
8807,1
8813,1
8814,1
8827,1
8834,1
8837,1
8857,1
8858,1
8868,1
8871,1
8890,1
8897,1
8917,1
8928,1
8936,1
8955,1
8968,1
8976,1
8982,1
8986,1
8987,1
9001,1
9005,1
9008,1
9015,1
9026,1
9034,1
9053,1
9060,1
9067,1
9092,1
9094,1
9095,1
9124,1
9128,1
9147,1
9171,1
9174,1
9203,1
9261,1
9267,1
9268,1
9270,1
9274,1
9285,1
9291,1
9301,1
9307,1
9313,1
9334,1
9336,1
9341,1
9358,1
9367,1
9374,1
9376,1
9395,1
9396,1
9420,1
9425,1
9426,1
9429,1
9480,1
9490,1
9496,1
9514,1
9535,1
9561,1
9564,1
9566,1
9603,1
9612,1
9613,1
9625,1
9626,1
9631,1
9645,1
9658,1
9665,1
9666,1
9677,1
9684,1
9685,1
9695,1
9706,1
9707,1
9708,1
9715,1
9730,1
9735,1
9745,1
9756,1
9769,1
9784,1
9789,1
9818,1
9839,1
9851,1
9874,1
9875,1
9897,1
9901,1
9908,1
9922,1
9941,1
9942,1
9951,1
9964,1
9971,1
9973,1
9980,1
9988,1
9990,1
10009,1
10027,1
10066,1
10085,1
10098,1
10102,1
10107,1
10114,1
10116,1
10137,1
10161,1
10165,1
10167,1
10170,1
10174,1
10175,1
10178,1
10189,1
10192,1
10209,1
10210,1
10215,1
10225,1
10229,1
10230,1
10235,1
10243,1
10261,1
10262,1
10265,1
10267,1
10286,1
10289,1
36,0
50,0
54,0
64,0
73,0
89,0
107,0
129,0
150,0
155,0
161,0
177,0
180,0
205,0
208,0
220,0
225,0
238,0
240,0
263,0
271,0
289,0
295,0
300,0
315,0
372,0
379,0
389,0
393,0
398,0
425,0
427,0
429,0
444,0
459,0
484,0
494,0
516,0
530,0
537,0
538,0
548,0
560,0
594,0
607,0
623,0
630,0
631,0
647,0
658,0
680,0
686,0
693,0
694,0
718,0
742,0
750,0
759,0
761,0
766,0
791,0
800,0
804,0
806,0
811,0
816,0
818,0
834,0
840,0
845,0
852,0
854,0
857,0
858,0
878,0
879,0
887,0
890,0
891,0
919,0
924,0
932,0
953,0
957,0
976,0
979,0
983,0
984,0
1013,0
1015,0
1016,0
1032,0
1033,0
1042,0
1055,0
1063,0
1087,0
1099,0
1104,0
1109,0
1118,0
1129,0
1149,0
1151,0
1153,0
1157,0
1169,0
1192,0
1201,0
1213,0
1219,0
1226,0
1257,0
1266,0
1267,0
1274,0
1296,0
1300,0
1310,0
1315,0
1336,0
1338,0
1347,0
1354,0
1363,0
1406,0
1408,0
1441,0
1451,0
1455,0
1462,0
1511,0
1513,0
1517,0
1519,0
1520,0
1524,0
1527,0
1530,0
1531,0
1538,0
1541,0
1542,0
1551,0
1572,0
1580,0
1587,0
1596,0
1599,0
1607,0
1610,0
1625,0
1631,0
1634,0
1637,0
1638,0
1644,0
1654,0
1660,0
1696,0
1698,0
1703,0
1707,0
1714,0
1739,0
1768,0
1771,0
1772,0
1774,0
1777,0
1782,0
1792,0
1795,0
1810,0
1816,0
1822,0
1825,0
1826,0
1830,0
1831,0
1901,0
1906,0
1930,0
1945,0
1953,0
1957,0
1959,0
1961,0
1984,0
1998,0
2000,0
2006,0
2009,0
2014,0
2016,0
2019,0
2032,0
2042,0
2043,0
2057,0
2062,0
2072,0
2075,0
2076,0
2087,0
2089,0
2112,0
2128,0
2136,0
2138,0
2148,0
2156,0
2169,0
2171,0
2173,0
2177,0
2180,0
2191,0
2210,0
2218,0
2220,0
2223,0
2225,0
2231,0
2236,0
2241,0
2242,0
2258,0
2261,0
2264,0
2265,0
2289,0
2298,0
2303,0
2329,0
2344,0
2349,0
2358,0
2387,0
2410,0
2414,0
2437,0
2443,0
2459,0
2492,0
2493,0
2533,0
2536,0
2543,0
2565,0
2568,0
2574,0
2575,0
2583,0
2590,0
2598,0
2653,0
2656,0
2660,0
2668,0
2669,0
2670,0
2676,0
2687,0
2710,0
2717,0
2733,0
2736,0
2773,0
2791,0
2796,0
2799,0
2800,0
2803,0
2805,0
2808,0
2814,0
2865,0
2874,0
2881,0
2882,0
2895,0
2899,0
2909,0
2921,0
2930,0
2932,0
2940,0
2943,0
2948,0
2966,0
2975,0
2977,0
2978,0
2979,0
2980,0
3041,0
3042,0
3052,0
3053,0
3098,0
3108,0
3110,0
3122,0
3134,0
3158,0
3179,0
3184,0
3199,0
3209,0
3227,0
3244,0
3251,0
3263,0
3268,0
3272,0
3274,0
3277,0
3301,0
3309,0
3314,0
3344,0
3347,0
3372,0
3393,0
3396,0
3402,0
3408,0
3417,0
3420,0
3422,0
3434,0
3453,0
3464,0
3487,0
3491,0
3498,0
3524,0
3540,0
3559,0
3560,0
3564,0
3565,0
3573,0
3581,0
3604,0
3618,0
3619,0
3635,0
3643,0
3644,0
3660,0
3672,0
3681,0
3693,0
3700,0
3704,0
3710,0
3741,0
3749,0
3754,0
3756,0
3764,0
3768,0
3778,0
3779,0
3788,0
3790,0
3797,0
3807,0
3814,0
3819,0
3821,0
3826,0
3831,0
3860,0
3862,0
3919,0
3929,0
3930,0
3933,0
3949,0
3955,0
3965,0
3977,0
3979,0
3986,0
3993,0
4009,0
4037,0
4042,0
4044,0
4053,0
4067,0
4071,0
4075,0
4078,0
4082,0
4086,0
4114,0
4122,0
4151,0
4154,0
4155,0
4163,0
4183,0
4194,0
4200,0
4201,0
4226,0
4234,0
4238,0
4242,0
4245,0
4254,0
4257,0
4260,0
4266,0
4268,0
4274,0
4294,0
4323,0
4331,0
4332,0
4340,0
4341,0
4344,0
4350,0
4361,0
4396,0
4397,0
4398,0
4418,0
4423,0
4442,0
4450,0
4462,0
4464,0
4466,0
4478,0
4480,0
4485,0
4488,0
4502,0
4514,0
4533,0
4548,0
4567,0
4573,0
4578,0
4591,0
4594,0
4597,0
4628,0
4630,0
4632,0
4636,0
4637,0
4643,0
4659,0
4660,0
4665,0
4702,0
4741,0
4749,0
4763,0
4784,0
4787,0
4791,0
4797,0
4805,0
4806,0
4808,0
4814,0
4815,0
4833,0
4840,0
4841,0
4863,0
4865,0
4869,0
4878,0
4882,0
4886,0
4901,0
4905,0
4926,0
4957,0
4960,0
4964,0
4988,0
4995,0
5010,0
5016,0
5017,0
5022,0
5026,0
5032,0
5039,0
5048,0
5087,0
5089,0
5092,0
5093,0
5094,0
5104,0
5106,0
5112,0
5134,0
5151,0
5158,0
5159,0
5162,0
5179,0
5180,0
5192,0
5200,0
5220,0
5222,0
5224,0
5240,0
5250,0
5255,0
5261,0
5264,0
5290,0
5302,0
5313,0
5355,0
5358,0
5360,0
5382,0
5383,0
5399,0
5400,0
5425,0
5433,0
5444,0
5447,0
5453,0
5454,0
5464,0
5478,0
5479,0
5482,0
5484,0
5490,0
5495,0
5517,0
5531,0
5544,0
5545,0
5562,0
5577,0
5598,0
5610,0
5629,0
5643,0
5644,0
5657,0
5659,0
5665,0
5675,0
5680,0
5684,0
5723,0
5724,0
5732,0
5743,0
5760,0
5782,0
5800,0
5805,0
5810,0
5816,0
5825,0
5859,0
5860,0
5868,0
5891,0
5892,0
5906,0
5916,0
5919,0
5920,0
5923,0
5928,0
5952,0
5954,0
5955,0
5973,0
5977,0
5989,0
5997,0
6000,0
6018,0
6033,0
6036,0
6041,0
6052,0
6057,0
6062,0
6065,0
6066,0
6077,0
6083,0
6098,0
6112,0
6113,0
6131,0
6134,0
6137,0
6147,0
6161,0
6188,0
6216,0
6217,0
6220,0
6249,0
6253,0
6254,0
6260,0
6268,0
6278,0
6284,0
6288,0
6289,0
6295,0
6310,0
6326,0
6327,0
6329,0
6367,0
6370,0
6372,0
6383,0
6386,0
6387,0
6399,0
6403,0
6404,0
6405,0
6421,0
6430,0
6446,0
6452,0
6464,0
6478,0
6487,0
6495,0
6501,0
6512,0
6531,0
6538,0
6549,0
6551,0
6553,0
6567,0
6574,0
6580,0
6590,0
6592,0
6604,0
6614,0
6615,0
6630,0
6631,0
6642,0
6650,0
6672,0
6673,0
6678,0
6679,0
6680,0
6701,0
6705,0
6711,0
6714,0
6732,0
6733,0
6743,0
6762,0
6764,0
6773,0
6780,0
6787,0
6789,0
6790,0
6798,0
6804,0
6810,0
6820,0
6825,0
6827,0
6828,0
6833,0
6837,0
6855,0
6858,0
6866,0
6870,0
6879,0
6884,0
6885,0
6896,0
6900,0
6910,0
6912,0
6916,0
6922,0
6952,0
6953,0
6957,0
6958,0
6959,0
6965,0
6972,0
6976,0
6980,0
6988,0
6989,0
6994,0
7003,0
7010,0
7011,0
7023,0
7029,0
7037,0
7039,0
7043,0
7053,0
7065,0
7067,0
7073,0
7079,0
7087,0
7099,0
7118,0
7123,0
7125,0
7126,0
7154,0
7156,0
7161,0
7199,0
7207,0
7209,0
7231,0
7260,0
7263,0
7264,0
7286,0
7292,0
7296,0
7301,0
7307,0
7327,0
7333,0
7341,0
7344,0
7353,0
7378,0
7386,0
7391,0
7422,0
7435,0
7449,0
7451,0
7457,0
7464,0
7486,0
7511,0
7512,0
7517,0
7520,0
7528,0
7530,0
7531,0
7547,0
7554,0
7581,0
7586,0
7588,0
7589,0
7595,0
7598,0
7600,0
7614,0
7639,0
7660,0
7663,0
7665,0
7667,0
7687,0
7691,0
7713,0
7715,0
7726,0
7736,0
7771,0
7777,0
7787,0
7790,0
7800,0
7804,0
7817,0
7819,0
7825,0
7831,0
7833,0
7850,0
7869,0
7883,0
7919,0
7926,0
7927,0
7929,0
7933,0
7937,0
7942,0
7964,0
7971,0
7986,0
7993,0
8005,0
8007,0
8010,0
8015,0
8034,0
8046,0
8050,0
8073,0
8099,0
8101,0
8105,0
8108,0
8134,0
8143,0
8147,0
8153,0
8157,0
8162,0
8173,0
8185,0
8196,0
8200,0
8206,0
8212,0
8222,0
8241,0
8246,0
8248,0
8254,0
8258,0
8281,0
8326,0
8356,0
8366,0
8387,0
8400,0
8428,0
8430,0
8436,0
8440,0
8444,0
8445,0
8465,0
8476,0
8485,0
8496,0
8499,0
8547,0
8551,0
8566,0
8571,0
8578,0
8580,0
8589,0
8594,0
8597,0
8598,0
8599,0
8601,0
8608,0
8612,0
8651,0
8660,0
8662,0
8670,0
8682,0
8686,0
8690,0
8731,0
8732,0
8735,0
8739,0
8746,0
8768,0
8785,0
8807,0
8812,0
8813,0
8819,0
8836,0
8853,0
8883,0
8887,0
8899,0
8908,0
8924,0
8982,0
8990,0
8997,0
9026,0
9036,0
9069,0
9105,0
9131,0
9141,0
9151,0
9152,0
9156,0
9176,0
9182,0
9187,0
9213,0
9215,0
9226,0
9228,0
9235,0
9238,0
9257,0
9262,0
9281,0
9285,0
9287,0
9289,0
9296,0
9310,0
9322,0
9334,0
9337,0
9388,0
9418,0
9457,0
9469,0
9475,0
9495,0
9498,0
9529,0
9531,0
9536,0
9568,0
9580,0
9587,0
9590,0
9592,0
9594,0
9606,0
9617,0
9622,0
9630,0
9634,0
9676,0
9677,0
9684,0
9697,0
9698,0
9704,0
9725,0
9727,0
9734,0
9742,0
9753,0
9762,0
9774,0
9777,0
9784,0
9788,0
9792,0
9802,0
9803,0
9805,0
9810,0
9812,0
9816,0
9831,0
9848,0
9867,0
9872,0
9878,0
9880,0
9881,0
9885,0
9886,0
9887,0
9911,0
9913,0
9918,0
9920,0
9926,0
9944,0
9961,0
9970,0
10008,0
10029,0
10036,0
10060,0
10080,0
10103,0
10119,0
10140,0
10147,0
10149,0
10158,0
10173,0
10178,0
10194,0
10202,0
10204,0
10226,0
10237,0
10242,0
10251,0
10253,0
10257,0
10263,0
10268,0
10276,0
10289,0
10292,0
10307,0
10309,0
10325,0
10351,0
10402,0
10409,0
10410,0
10423,0
10427,0
10430,0
10441,0
10445,0
10462,0
10486,0
10489,0
10497,0
10509,0
10513,0
10514,0
10517,0
10519,0
10524,0
10525,0
10531,0
10532,0
10542,0
10561,0
10574,0
10598,0
10606,0
10611,0
10626,0
10629,0
10644,0
10668,0
10672,0
10690,0
10715,0
10725,0
10728,0
10731,0
10745,0
10751,0
10754,0
10757,0
10775,0
10793,0
10796,0
10805,0
10819,0
10823,0
10824,0
10829,0
10830,0
10841,0
10846,0
10867,0
10885,0
10905,0
10952,0
10972,0
10973,0
10979,0
10983,0
10985,0
10987,0
11004,0
11035,0
11058,0
11070,0
11077,0
11079,0
11080,0
11090,0
11092,0
11100,0
11104,0
11106,0
11114,0
11116,0
11130,0
11149,0
11151,0
11188,0
11206,0
11217,0
11235,0
11243,0
11247,0
11252,0
11255,0
11258,0
11290,0
11291,0
11294,0
11300,0
11302,0
11310,0
11311,0
11316,0
11324,0
11329,0
11332,0
11340,0
11353,0
11355,0
11358,0
11375,0
11377,0
11389,0
11392,0
11397,0
11399,0
11413,0
11427,0
11436,0
11458,0
11465,0
11491,0
11493,0
11499,0
11503,0
11508,0
11511,0
11512,0
11515,0
11520,0
11521,0
11525,0
11536,0
11538,0
11542,0
11543,0
11550,0
11563,0
11578,0
11580,0
11592,0
11613,0
11620,0
11624,0
11672,0
11674,0
11696,0
11697,0
11702,0
11707,0
11728,0
11729,0
11744,0
11749,0
11757,0
11784,0
11785,0
11817,0
11818,0
11835,0
11843,0
11844,0
11846,0
11852,0
11855,0
11860,0
11861,0
11895,0
11899,0
11902,0
11903,0
11913,0
11946,0
11952,0
11962,0
11966,0
11969,0
12011,0
12021,0
12024,0
12026,0
12031,0
12042,0
12049,0
12071,0
12092,0
12102,0
12105,0
12107,0
12121,0
12126,0
12137,0
12139,0
12152,0
12172,0
12173,0
12178,0
12186,0
12202,0
12217,0
12220,0
12221,0
12230,0
12243,0
12253,0
12259,0
12267,0
12273,0
12277,0
12297,0
12317,0
12320,0
12321,0
12325,0
12341,0
12361,0
12364,0
12365,0
12366,0
12380,0
12396,0
12400,0
12406,0
12421,0
12424,0
12425,0
12428,0
12447,0
12470,0
12491,0
12493,0
12497,0
12511,0
12522,0
12528,0
12530,0
12536,0
12544,0
12548,0
12553,0
12575,0
12599,0
12603,0
12604,0
12640,0
12658,0
12664,0
12673,0
12677,0
12695,0
12706,0
12708,0
12738,0
12768,0
12805,0
12821,0
12826,0
12840,0
12851,0
12854,0
12865,0
12870,0
12879,0
12882,0
12886,0
12900,0
12905,0
12909,0
12910,0
12915,0
12919,0
12927,0
12931,0
12948,0
12952,0
12981,0
12982,0
12987,0
13001,0
13009,0
13031,0
13051,0
13053,0
13069,0
13074,0
13079,0
13081,0
13085,0
13117,0
13129,0
13143,0
13148,0
13157,0
13164,0
13173,0
13198,0
13206,0
13209,0
13226,0
13231,0
13254,0
13264,0
13265,0
13273,0
13280,0
13286,0
13298,0
13301,0
13303,0
13306,0
13308,0
13314,0
13315,0
13316,0
13341,0
13359,0
13362,0
13388,0
13392,0
13393,0
13396,0
13406,0
13410,0
13413,0
13414,0
13415,0
13430,0
13433,0
13439,0
13441,0
13470,0
13472,0
13474,0
13482,0
13489,0
13497,0
13503,0
13505,0
13508,0
13529,0
13541,0
13600,0
13616,0
13636,0
13638,0
13641,0
13643,0
13655,0
13656,0
13661,0
13680,0
13685,0
13686,0
13688,0
13696,0
13702,0
13710,0
13721,0
13728,0
13739,0
13744,0
13759,0
13760,0
13778,0
13782,0
13807,0
13825,0
13838,0
13872,0
13873,0
13882,0
13887,0
13900,0
13910,0
13917,0
13918,0
13933,0
13935,0
13936,0
13945,0
13961,0
13967,0
13970,0
13977,0
13980,0
13982,0
13999,0
14006,0
14007,0
14023,0
14027,0
14035,0
14041,0
14042,0
14047,0
14052,0
14076,0
14080,0
14083,0
14084,0
14093,0
14098,0
14100,0
14105,0
14114,0
14171,0
14174,0
14185,0
14212,0
14218,0
14231,0
14238,0
14242,0
14256,0
14265,0
14267,0
14269,0
14278,0
14279,0
14287,0
14303,0
14305,0
14316,0
14320,0
14334,0
14339,0
14346,0
14361,0
14370,0
14380,0
14416,0
14420,0
14427,0
14428,0
14439,0
14452,0
14457,0
14458,0
14479,0
14501,0
14507,0
14511,0
14512,0
14524,0
14533,0
14562,0
14580,0
14587,0
14588,0
14593,0
14594,0
14596,0
14598,0
14605,0
14625,0
14626,0
14634,0
14637,0
14639,0
14657,0
14664,0
14692,0
14705,0
14706,0
14711,0
14714,0
14715,0
14717,0
14727,0
14751,0
14754,0
14760,0
14763,0
14767,0
14776,0
14784,0
14794,0
14801,0
14867,0
14872,0
14873,0
14885,0
14909,0
14914,0
14920,0
14941,0
14947,0
14959,0
14967,0
14985,0
14988,0
14989,0
14996,0
15011,0
15014,0
15019,0
15021,0
15025,0
15052,0
15055,0
15061,0
15064,0
15083,0
15098,0
15102,0
15122,0
15123,0
15130,0
15133,0
15144,0
15170,0
15179,0
15180,0
15203,0
15204,0
15232,0
15239,0
15246,0
15252,0
15254,0
15260,0
15276,0
15283,0
15290,0
15292,0
15299,0
15312,0
15314,0
15348,0
15385,0
15397,0
15400,0
15403,0
15420,0
15433,0
15455,0
15466,0
15467,0
15470,0
15481,0
15491,0
15499,0
15510,0
15516,0
15518,0
15521,0
15537,0
15557,0
15559,0
15560,0
15566,0
15568,0
15572,0
15583,0
15587,0
15610,0
15618,0
15620,0
15639,0
15642,0
15644,0
15649,0
15658,0
15749,0
15788,0
15807,0
15811,0
15818,0
15823,0
15828,0
15852,0
15861,0
15864,0
15888,0
15889,0
15902,0
15903,0
15913,0
15931,0
15966,0
15969,0
15976,0
15977,0
15979,0
15989,0
16000,0
16025,0
16067,0
16079,0
16082,0
16103,0
16109,0
16127,0
16131,0
16140,0
16173,0
16204,0
16213,0
16230,0
16236,0
16243,0
16250,0
16252,0
16275,0
16286,0
16301,0
16303,0
16322,0
16325,0
16333,0
16343,0
16345,0
16349,0
16351,0
16374,0
16380,0
16381,0
16390,0
16411,0
16419,0
16428,0
16430,0
16433,0
16443,0
16444,0
16463,0
16464,0
16467,0
16487,0
16492,0
16495,0
16507,0
16511,0
16522,0
16574,0
16576,0
16587,0
16589,0
16610,0
16614,0
16623,0
16625,0
16652,0
16688,0
16705,0
16723,0
16728,0
16733,0
16740,0
16750,0
16754,0
16775,0
16782,0
16800,0
16801,0
16807,0
16812,0
16826,0
16829,0
16830,0
16831,0
16837,0
16845,0
16846,0
16863,0
16869,0
16875,0
16885,0
16891,0
16918,0
16919,0
16924,0
16926,0
16928,0
16933,0
16936,0
16941,0
16975,0
16999,0
17016,0
17026,0
17033,0
17042,0
17051,0
17056,0
17058,0
17061,0
17077,0
17079,0
17088,0
17106,0
17118,0
17121,0
17124,0
17149,0
17152,0
17156,0
17157,0
17165,0
17171,0
17174,0
17181,0
17198,0
17199,0
17203,0
17207,0
17213,0
17216,0
17219,0
17225,0
17228,0
17248,0
17252,0
17263,0
17268,0
17279,0
17283,0
17290,0
17312,0
17314,0
17333,0
17338,0
17344,0
17349,0
17350,0
17354,0
17357,0
17370,0
17372,0
17405,0
17413,0
17424,0
17428,0
17436,0
17438,0
17439,0
17470,0
17483,0
17489,0
17506,0
17508,0
17538,0
17558,0
17562,0
17569,0
17589,0
17609,0
17621,0
17626,0
17642,0
17646,0
17647,0
17655,0
17662,0
17696,0
17710,0
17711,0
17715,0
17718,0
17729,0
17734,0
17735,0
17743,0
17747,0
17761,0
17778,0
17794,0
17817,0
17828,0
17829,0
17830,0
17831,0
17840,0
17842,0
17860,0
17868,0
17873,0
17885,0
17891,0
17895,0
17903,0
17905,0
17906,0
17912,0
17922,0
17934,0
17940,0
17952,0
17973,0
17983,0
17994,0
18038,0
18078,0
18081,0
18082,0
18090,0
18099,0
18104,0
18106,0
18112,0
18120,0
18127,0
18137,0
18146,0
18151,0
18165,0
18201,0
18228,0
18229,0
18233,0
18236,0
18237,0
18250,0
18257,0
18276,0
18282,0
18306,0
18335,0
18337,0
18342,0
18345,0
18346,0
18348,0
18363,0
18373,0
18374,0
18379,0
18380,0
18394,0
18400,0
18401,0
18406,0
18407,0
18411,0
18420,0
18426,0
18427,0
18432,0
18437,0
18450,0
18453,0
18454,0
18456,0
18467,0
18501,0
18507,0
18510,0
18529,0
18539,0
18545,0
18554,0
18555,0
18570,0
18583,0
18593,0
18596,0
18603,0
18606,0
18610,0
18617,0
18637,0
18638,0
18639,0
18649,0
18658,0
18667,0
18670,0
18674,0
18684,0
18702,0
18724,0
18732,0
18747,0
18769,0
18791,0
18792,0
18801,0
18825,0
18842,0
18853,0
18854,0
18860,0
18864,0
18902,0
18917,0
18924,0
18929,0
18939,0
18945,0
18963,0
18965,0
18980,0
18990,0
18996,0
19001,0
19008,0
19059,0
19060,0
19066,0
19067,0
19068,0
19076,0
19085,0
19092,0
19097,0
19124,0
19127,0
19129,0
19142,0
19216,0
19223,0
19227,0
19240,0
19252,0
19261,0
19277,0
19286,0
19292,0
19294,0
19305,0
19306,0
19310,0
19321,0
19330,0
19333,0
19337,0
19340,0
19343,0
19351,0
19354,0
19358,0
19360,0
19375,0
19398,0
19399,0
19425,0
19504,0
19521,0
19527,0
19530,0
19540,0
19544,0
19561,0
19571,0
19575,0
19579,0
19601,0
19615,0
19620,0
19621,0
19652,0
19679,0
19685,0
19706,0
19710,0
19712,0
19767,0
19775,0
19776,0
19778,0
19781,0
19783,0
19784,0
19790,0
19792,0
19818,0
19821,0
19822,0
19837,0
19841,0
19855,0
19856,0
19857,0
19861,0
19866,0
19868,0
19879,0
19912,0
19937,0
19941,0
19949,0
19955,0
19975,0
19979,0
19988,0
19999,0
20000,0
20009,0
20025,0
20039,0
20050,0
20059,0
20062,0
20071,0
20076,0
20083,0
20134,0
20150,0
20151,0
20159,0
20171,0
20201,0
20229,0
20239,0
20247,0
20248,0
20251,0
20253,0
20266,0
20276,0
20288,0
20296,0
20315,0
20329,0
20333,0
20334,0
20337,0
20339,0
20349,0
20350,0
20353,0
20360,0
20362,0
20379,0
20388,0
20393,0
20397,0
20417,0
20419,0
20420,0
20428,0
20451,0
20456,0
20457,0
20478,0
20496,0
20511,0
20539,0
20554,0
20559,0
20561,0
20563,0
20568,0
20575,0
20580,0
20585,0
20589,0
20595,0
20614,0
20620,0
20626,0
20660,0
20680,0
20684,0
20685,0
20697,0
20699,0
20749,0
20751,0
20756,0
20759,0
20762,0
20780,0
20784,0
20805,0
20838,0
20875,0
20876,0
20885,0
20912,0
20915,0
20923,0
20936,0
20976,0
20977,0
20993,0
21002,0
21015,0
21020,0
21021,0
21029,0
21046,0
21047,0
21052,0
21069,0
21081,0
21083,0
21103,0
21121,0
21123,0
21146,0
21151,0
21161,0
21174,0
21181,0
21187,0
21193,0
21196,0
21241,0
21248,0
21251,0
21271,0
21275,0
21283,0
21294,0
21299,0
21301,0
21314,0
21320,0
21336,0
21341,0
21345,0
21350,0
21361,0
21367,0
21383,0
21385,0
21396,0
21402,0
21405,0
21421,0
21435,0
21453,0
21456,0
21457,0
21458,0
21468,0
21472,0
21496,0
21508,0
21531,0
21533,0
21534,0
21539,0
21570,0
21578,0
21581,0
21592,0
21599,0
21605,0
21611,0
21620,0
21627,0
21636,0
21691,0
21704,0
21705,0
21717,0
21718,0
21723,0
21733,0
21742,0
21753,0
21757,0
21760,0
21771,0
21782,0
21783,0
21784,0
21787,0
21796,0
21799,0
21807,0
21811,0
21813,0
21820,0
21834,0
21835,0
21849,0
21867,0
21869,0
21885,0
21890,0
21903,0
21931,0
21955,0
21976,0
21979,0
21982,0
21988,0
21998,0
22007,0
22021,0
22055,0
22057,0
22060,0
22095,0
22146,0
22154,0
22175,0
22176,0
22193,0
22200,0
22204,0
22214,0
22224,0
22233,0
22246,0
22251,0
22253,0
22258,0
22259,0
22322,0
22327,0
22332,0
22349,0
22357,0
22380,0
22392,0
22408,0
22414,0
22417,0
22421,0
22425,0
22447,0
22449,0
22456,0
22484,0
22506,0
22514,0
22535,0
22543,0
22546,0
22558,0
22569,0
22571,0
22572,0
22582,0
22584,0
22587,0
22594,0
22598,0
22603,0
22617,0
22634,0
22643,0
22651,0
22664,0
22667,0
22681,0
22706,0
22714,0
22718,0
22721,0
22725,0
22753,0
22754,0
22758,0
22762,0
22766,0
22772,0
22785,0
22790,0
22797,0
22798,0
22805,0
22826,0
22837,0
22838,0
22845,0
22858,0
22859,0
22866,0
22867,0
22869,0
22874,0
22875,0
22879,0
22883,0
22899,0
22911,0
22915,0
22918,0
22937,0
22939,0
22966,0
22970,0
22984,0
22988,0
22989,0
23018,0
23034,0
23069,0
23083,0
23092,0
23138,0
23142,0
23155,0
23161,0
23182,0
23185,0
23187,0
23192,0
23202,0
23222,0
23231,0
23232,0
23245,0
23253,0
23265,0
23284,0
23286,0
23288,0
23315,0
23320,0
23321,0
23345,0
23363,0
23380,0
23385,0
23409,0
23418,0
23429,0
23454,0
23459,0
23477,0
23507,0
23518,0
23523,0
23526,0
23527,0
23533,0
23538,0
23563,0
23577,0
23583,0
23585,0
23589,0
23592,0
23602,0
23615,0
23619,0
23637,0
23641,0
23647,0
23650,0
23655,0
23698,0
23712,0
23734,0
23736,0
23742,0
23769,0
23791,0
23801,0
23812,0
23832,0
23848,0
23869,0
23902,0
23911,0
23926,0
23944,0
23946,0
23952,0
23960,0
23973,0
23978,0
23991,0
23993,0
23994,0
24005,0
24006,0
24008,0
24029,0
24035,0
24059,0
24068,0
24076,0
24090,0
24092,0
24094,0
24097,0
24100,0
24102,0
24107,0
24112,0
24118,0
24119,0
24121,0
24131,0
24135,0
24142,0
24143,0
24155,0
24160,0
24166,0
24193,0
24203,0
24212,0
24231,0
24248,0
24277,0
24281,0
24283,0
24296,0
24311,0
24333,0
24337,0
24340,0
24344,0
24354,0
24355,0
24357,0
24374,0
24378,0
24381,0
24386,0
24393,0
24394,0
24395,0
24398,0
24410,0
24412,0
24429,0
24431,0
24433,0
24435,0
24445,0
24466,0
24477,0
24479,0
24499,0
24501,0
